<?xml version="1.0" encoding="UTF-8"?>
<templates id="template" xml:space="preserve">

    <t t-name="stock_barcode_extended.LineProduct">
        <div name="product_name" t-if="this.line.package_id.product_name and this.env.model.record.picking_type_code == 'outgoing'" title="Product Name">
            <i class="fa fa-fw fa-tags"/>
            <span class="o_line_product_name fst-italic">
                <span t-esc="this.line.package_id.product_name"/>
            </span>
        </div>
    </t>

    <t t-inherit="stock_barcode.PackageLineComponent" t-inherit-mode="extension" owl="1">
        <xpath expr="//div[@name='package']" position="after">
            <t t-call="stock_barcode_extended.LineProduct"/>
        </xpath>
        <xpath expr="//button[hasclass('o_package_content')]" position="before">
            <button t-if="this.env.model.record.picking_type_code == 'outgoing'"
                    t-on-click="() => this.setPackageQty(this.line.package_id.name)"
                        class="o_line_button o_set btn ms-2 ms-sm-4">
                        <i class="fa fa-2x fa-check"/>
             </button>
        </xpath>
    </t>

</templates>