<odoo>
    <data noupdate="1">
        <record id="picking_type_stock_to_supermarket" model="stock.picking.type">
            <field name="name">Supermarket Delivery</field>
            <field name="code">internal</field>
            <field name="sequence_code">STS</field>
            <field name="barcode">WH-ST-SM</field>
            <field name="reservation_method">at_confirm</field>
            <field name="restrict_put_in_pack">no</field>
            <field name="default_location_src_id" ref="stock.stock_location_stock"/>
        </record>
    </data>
</odoo>